id;change_key;change_from;change_to
1;capacitor generate Switchable;Benin Money Market Account Licensed;RAM Auto Loan Account Buckinghamshire
2;protocol;Plastic;encompassing
3;evolve plug-and-play;Lithuania;navigating
4;Village;XML Sausages;Borders Planner navigating
5;Cambridgeshire;Granite quantifying;CFA Franc BEAC Syrian Arab Republic
6;back-end digital secured line;Graphic Interface;Keyboard
7;Future-proofed Metrics North Carolina;generating Granite FTP;Investment Account Rubber Legacy
8;Gloves Cambridgeshire revolutionize;withdrawal;Sleek Steel Hat
9;Versatile;San Marino;Cotton Money Market Account Optimization
10;solutions Refined deposit;Kids;withdrawal Shirt
